#group,false,false,false,true,true,true,false
#datatype,string,long,dateTime:RFC3339,string,dateTime:RFC3339,dateTime:RFC3339,long
#default,flushes_per_sec,,,,,,
,result,table,_time,reason_str,_start,_stop,flushes
,,0,2025-04-29T20:37:06Z,TLB_LOCAL_MM_SHOOTDOWN,2025-04-29T08:54:41.514017804Z,2025-04-29T20:54:41.514017804Z,6
,,0,2025-04-29T20:37:07Z,TLB_LOCAL_MM_SHOOTDOWN,2025-04-29T08:54:41.514017804Z,2025-04-29T20:54:41.514017804Z,29
,,0,2025-04-29T20:37:08Z,TLB_LOCAL_MM_SHOOTDOWN,2025-04-29T08:54:41.514017804Z,2025-04-29T20:54:41.514017804Z,33
,,0,2025-04-29T20:37:09Z,TLB_LOCAL_MM_SHOOTDOWN,2025-04-29T08:54:41.514017804Z,2025-04-29T20:54:41.514017804Z,10
,,0,2025-04-29T20:37:10Z,TLB_LOCAL_MM_SHOOTDOWN,2025-04-29T08:54:41.514017804Z,2025-04-29T20:54:41.514017804Z,29
,,0,2025-04-29T20:37:11Z,TLB_LOCAL_MM_SHOOTDOWN,2025-04-29T08:54:41.514017804Z,2025-04-29T20:54:41.514017804Z,7
,,0,2025-04-29T20:37:12Z,TLB_LOCAL_MM_SHOOTDOWN,2025-04-29T08:54:41.514017804Z,2025-04-29T20:54:41.514017804Z,20
,,0,2025-04-29T20:37:13Z,TLB_LOCAL_MM_SHOOTDOWN,2025-04-29T08:54:41.514017804Z,2025-04-29T20:54:41.514017804Z,162
,,0,2025-04-29T20:37:14Z,TLB_LOCAL_MM_SHOOTDOWN,2025-04-29T08:54:41.514017804Z,2025-04-29T20:54:41.514017804Z,73
,,0,2025-04-29T20:37:15Z,TLB_LOCAL_MM_SHOOTDOWN,2025-04-29T08:54:41.514017804Z,2025-04-29T20:54:41.514017804Z,32
,,1,2025-04-29T20:37:06Z,TLB_REMOTE_SEND_IPI,2025-04-29T08:54:41.514017804Z,2025-04-29T20:54:41.514017804Z,3
,,1,2025-04-29T20:37:07Z,TLB_REMOTE_SEND_IPI,2025-04-29T08:54:41.514017804Z,2025-04-29T20:54:41.514017804Z,25
,,1,2025-04-29T20:37:08Z,TLB_REMOTE_SEND_IPI,2025-04-29T08:54:41.514017804Z,2025-04-29T20:54:41.514017804Z,23
,,1,2025-04-29T20:37:09Z,TLB_REMOTE_SEND_IPI,2025-04-29T08:54:41.514017804Z,2025-04-29T20:54:41.514017804Z,7
,,1,2025-04-29T20:37:10Z,TLB_REMOTE_SEND_IPI,2025-04-29T08:54:41.514017804Z,2025-04-29T20:54:41.514017804Z,8
,,1,2025-04-29T20:37:11Z,TLB_REMOTE_SEND_IPI,2025-04-29T08:54:41.514017804Z,2025-04-29T20:54:41.514017804Z,2
,,1,2025-04-29T20:37:12Z,TLB_REMOTE_SEND_IPI,2025-04-29T08:54:41.514017804Z,2025-04-29T20:54:41.514017804Z,10
,,1,2025-04-29T20:37:13Z,TLB_REMOTE_SEND_IPI,2025-04-29T08:54:41.514017804Z,2025-04-29T20:54:41.514017804Z,66
,,1,2025-04-29T20:37:14Z,TLB_REMOTE_SEND_IPI,2025-04-29T08:54:41.514017804Z,2025-04-29T20:54:41.514017804Z,14
,,1,2025-04-29T20:37:15Z,TLB_REMOTE_SEND_IPI,2025-04-29T08:54:41.514017804Z,2025-04-29T20:54:41.514017804Z,13
,,2,2025-04-29T20:37:07Z,TLB_REMOTE_SHOOTDOWN,2025-04-29T08:54:41.514017804Z,2025-04-29T20:54:41.514017804Z,159
,,2,2025-04-29T20:37:08Z,TLB_REMOTE_SHOOTDOWN,2025-04-29T08:54:41.514017804Z,2025-04-29T20:54:41.514017804Z,18
,,2,2025-04-29T20:37:09Z,TLB_REMOTE_SHOOTDOWN,2025-04-29T08:54:41.514017804Z,2025-04-29T20:54:41.514017804Z,8
,,2,2025-04-29T20:37:10Z,TLB_REMOTE_SHOOTDOWN,2025-04-29T08:54:41.514017804Z,2025-04-29T20:54:41.514017804Z,47
,,2,2025-04-29T20:37:11Z,TLB_REMOTE_SHOOTDOWN,2025-04-29T08:54:41.514017804Z,2025-04-29T20:54:41.514017804Z,48
,,2,2025-04-29T20:37:12Z,TLB_REMOTE_SHOOTDOWN,2025-04-29T08:54:41.514017804Z,2025-04-29T20:54:41.514017804Z,52
,,2,2025-04-29T20:37:13Z,TLB_REMOTE_SHOOTDOWN,2025-04-29T08:54:41.514017804Z,2025-04-29T20:54:41.514017804Z,28
,,2,2025-04-29T20:37:14Z,TLB_REMOTE_SHOOTDOWN,2025-04-29T08:54:41.514017804Z,2025-04-29T20:54:41.514017804Z,8

